X,Y,month,FFMC,DMC,DC,ISI,temp,RH,wind,rain,area
7,5,3,0,0,0,0,3.1999999999999993,61.48291432852168,6.7,0.0,0.0
7,4,10,0,0,0,0,13.0,80.34295200945661,0.3602619510199643,0.4,0.0
7,4,10,0,0,0,0,9.6,96.5714364999336,1.013760729329634,0.0,0.0
8,6,3,0,0,0,0,3.3000000000000007,100.24313155798002,1.5198790889052516,0.2,0.0
8,6,3,0,0,0,0,11.4,107.79662844360512,0.1380741588435659,0.0,0.0
8,6,8,0,0,0,0,22.2,95.02338556652175,3.0533434146235554,0.0,0.0
8,6,8,0,0,0,0,19.1,77.88050845167804,3.1,0.0,0.0
8,6,8,0,0,0,0,3.0,99.95203293472083,2.2,0.0,0.0
8,6,9,0,0,0,0,8.1,75.87533908122188,1.8335703033641217,0.0,0.0
7,5,9,0,0,0,0,17.8,89.27257159608426,2.97336501389933,0.0,0.0
7,5,9,0,0,0,0,12.8,69.61483605595669,7.2,0.0,0.0
7,5,9,0,0,0,0,14.3,79.71644229606301,1.3805643215125554,0.0,0.0
6,5,8,0,0,0,0,17.0,89.35916018308723,1.2750617997741323,0.0,0.0
6,5,9,0,0,0,0,16.3,78.25379879867391,0.16899280778882408,0.0,0.0
6,5,9,0,0,0,0,21.4,65.96131059514003,4.5,0.8,0.0
6,5,9,0,0,0,0,17.9,99.92689544835696,0.7807833981121615,0.0,0.0
5,5,3,0,0,0,0,10.1,71.641438843505,0.0478024693066148,0.0,0.0
8,5,10,0,0,0,0,11.7,69.46849370836026,1.228140788463409,0.0,0.0
6,4,3,0,0,0,0,10.9,61.08977903891706,4.0,0.0,0.0
6,4,4,0,0,0,0,9.3,80.68522216625011,3.5554272525558943,0.0,0.0
6,4,9,0,0,0,0,13.3,96.10682920101324,2.2634663966414315,0.0,0.0
5,4,9,0,0,0,0,14.100000000000001,76.64389896296288,0.933863156144767,0.0,0.0
7,4,6,0,0,0,0,16.0,70.44873963533188,2.164657794387023,0.0,0.0
7,4,8,0,0,0,0,19.5,61.577902393180686,5.544801871617811,0.0,0.0
7,4,8,0,0,0,0,18.7,84.34714410193968,2.202630109999106,0.0,0.0
7,4,8,0,0,0,0,11.3,70.5688857933552,4.636483019038947,0.0,0.0
7,4,9,0,0,0,0,14.0,55.87284427997765,5.8,0.0,0.0
7,4,9,0,0,0,0,19.4,65.45998257856306,0.48907656279047973,0.0,0.0
6,3,9,0,0,0,0,25.2,82.66347721512665,0.11502021939015217,0.0,0.0
6,3,9,0,0,0,0,17.8,69.552564854122,0.029179589179845866,0.0,0.0
6,3,9,0,0,0,0,20.4,49.343005790142136,2.4865534103812035,0.0,0.0
6,3,9,0,0,0,0,6.199999999999999,91.83881230100087,4.443854720482472,0.8,0.0
6,3,9,0,0,0,0,15.600000000000001,60.562423836739725,0.25916325109268423,0.0,0.0
6,3,9,0,0,0,0,12.7,75.01752557160759,3.533165755761627,0.0,0.0
6,3,9,0,0,0,0,16.2,57.37174414741461,1.4977475862420093,0.0,0.0
6,3,9,0,0,0,0,13.2,72.88790225601689,4.059849312061275,0.0,0.0
6,3,10,0,0,0,0,21.7,83.88410851617675,3.601187380623059,0.0,0.0
7,4,10,0,0,0,0,11.3,77.88169070499906,0.4527961500269493,0.0,0.0
7,3,10,0,0,0,0,12.8,78.88857542503379,3.658488603831464,0.3,0.0
4,4,3,0,0,0,0,9.1,98.21219451656489,2.7,0.0,0.0
4,4,7,0,0,0,0,23.3,76.40942925620155,2.6345654288197373,0.4,0.0
4,4,8,0,0,0,0,13.399999999999999,86.3613904322656,0.25417606904618495,0.0,0.0
4,4,8,0,0,0,0,11.600000000000001,70.5656355689495,2.502649198651472,0.0,0.0
4,4,9,0,0,0,0,14.600000000000001,82.47394449774984,0.740656789483723,0.0,0.0
4,4,9,0,0,0,0,7.9,93.55365692029098,2.2172322190071245,0.0,0.0
5,6,9,0,0,0,0,25.9,47.68140012106166,1.6383155648734582,0.0,0.0
5,6,9,0,0,0,0,9.7,98.46521190076697,2.792180110886269,0.0,0.0
6,6,7,0,0,0,0,18.0,86.65492135772048,2.518032010820533,0.0,0.0
4,4,3,0,0,0,0,6.800000000000001,93.29726397002618,1.8,0.0,0.0
4,4,3,0,0,0,0,6.0,90.76196351572291,3.2627170224038506,0.0,0.0
4,4,9,0,0,0,0,15.8,45.523140491762796,0.6079054530962313,0.0,0.0
4,3,8,0,0,0,0,21.5,75.11177544310343,2.061826408059495,0.0,0.0
4,3,8,0,0,0,0,15.399999999999999,82.85640695490918,4.894809017067637,0.0,0.0
4,3,8,0,0,0,0,15.399999999999999,87.66143142004643,0.9007824661568469,0.0,0.0
4,3,8,0,0,0,0,12.600000000000001,58.27375240900635,3.6,0.0,0.0
4,3,9,0,0,0,0,22.7,87.5523629236303,1.2822837149817703,0.0,0.0
4,3,9,0,0,0,0,12.8,79.607422202996,0.6551714117830665,0.0,0.0
4,3,10,0,0,0,0,13.8,71.40240606020663,0.5147894532932633,0.0,0.0
2,2,2,0,0,0,0,8.9,58.96081732011443,5.4,0.0,0.0
2,2,2,0,0,0,0,7.300000000000001,83.55297366509889,0.011143904852681796,0.0,0.0
2,2,3,0,0,0,0,6.5,84.3575884092561,4.558033935114894,0.0,0.0
2,2,3,0,0,0,0,5.5,98.20828327746673,1.0844287257343028,0.0,0.0
2,2,8,0,0,0,0,13.8,76.7407507806002,4.451624580843888,0.0,0.0
2,2,8,0,0,0,0,15.8,89.5336459521922,0.6816717691320875,0.0,0.0
2,2,8,0,0,0,0,18.1,94.48133052008066,3.1,0.0,0.0
2,2,8,0,0,0,0,13.600000000000001,71.02767333677603,4.5,0.0,0.0
2,2,9,0,0,0,0,18.0,83.95318835051035,3.4462735384635037,0.0,0.0
2,2,9,0,0,0,0,14.600000000000001,98.575047174086,5.4,0.0,0.0
2,2,9,0,0,0,0,19.6,98.54933737401818,6.3,0.0,0.0
4,5,3,0,0,0,0,17.2,94.09573927538995,4.5,0.0,0.0
4,5,3,0,0,0,0,10.8,76.12528500462048,4.710458638425964,0.4,0.0
4,5,9,0,0,0,0,12.7,87.59102909622081,1.8062641848510144,0.0,0.0
5,4,3,0,0,0,0,10.6,74.46729065167492,6.3,0.0,0.0
5,4,8,0,0,0,0,12.3,89.40014739678796,4.5,0.0,0.0
5,4,9,0,0,0,0,22.6,76.70255457465899,0.08029078116176946,0.0,0.0
9,9,2,0,0,0,0,1.7000000000000002,99.06679641268582,3.1,0.0,0.0
9,9,2,0,0,0,0,10.7,56.56610392715445,0.005193678941620039,0.0,0.0
1,3,3,0,0,0,0,8.3,94.99558302751882,0.40559869549849026,0.0,0.0
1,2,8,0,0,0,0,9.7,77.19337491105381,2.7,0.4,0.0
1,2,8,0,0,0,0,16.6,50.15851913350836,6.7,0.0,0.0
1,2,8,0,0,0,0,14.5,67.4899332043186,0.4834460675974368,0.0,0.0
1,2,8,0,0,0,0,12.899999999999999,59.55441793801981,1.2005825746420342,0.0,0.0
1,2,8,0,0,0,0,18.6,76.34274502975481,2.3791096210572102,0.1,0.0
1,2,8,0,0,0,0,11.600000000000001,80.19710664197768,0.8880409977061883,0.0,0.0
1,2,8,0,0,0,0,15.2,82.43572766955462,3.2834557837125757,0.0,0.0
1,2,9,0,0,0,0,16.5,97.0823738669927,0.027053713256389278,0.0,0.0
1,2,9,0,0,0,0,20.4,65.39922726356043,2.1420737805560206,0.0,0.0
1,2,9,0,0,0,0,22.4,74.58502793228388,1.3675665239683705,0.0,0.0
1,2,9,0,0,0,0,20.3,55.769100167555074,3.354117137643286,0.7,0.0
6,5,3,0,0,0,0,12.399999999999999,86.79420215829501,4.292748363851693,0.0,0.0
6,5,8,0,0,0,0,9.7,88.12195687895992,0.22784345359852054,0.0,0.0
8,6,3,0,0,0,0,12.399999999999999,97.44289891743466,0.626218341984143,0.0,0.0
8,6,8,0,0,0,0,15.8,86.5330207818547,0.798690226930451,0.0,0.0
8,6,8,0,0,0,0,13.2,88.13555313531529,4.9,0.0,0.0
8,6,8,0,0,0,0,18.4,76.21001931924975,0.5752156384206124,0.0,0.0
4,4,9,0,0,0,0,17.8,77.98794391044125,0.892141938759021,0.0,0.0
3,4,2,0,0,0,0,7.699999999999999,63.19966172936837,0.9229321361915273,0.0,0.0
3,4,3,0,0,0,0,12.399999999999999,74.91254397294871,1.2043233271223466,0.0,0.0
3,4,8,0,0,0,0,6.6,97.08737802954249,4.5,0.0,0.0
3,4,8,0,0,0,0,19.8,59.78288304350994,5.4,0.0,0.0
3,4,8,0,0,0,0,14.8,76.15012229613356,4.545870916836679,0.0,0.0
3,4,8,0,0,0,0,9.4,92.21056695382582,0.738408765770779,0.0,0.0
2,4,8,0,0,0,0,15.100000000000001,82.58944358597994,0.43350137273649514,0.0,0.0
2,4,9,0,0,0,0,19.1,94.82864047529586,2.6459701433011,0.0,0.0
2,4,1,0,0,0,0,0.2999999999999998,95.65044061888335,0.14125362161220156,0.0,0.0
4,5,3,0,0,0,0,7.699999999999999,81.50190953090178,4.751029475082484,0.0,0.0
4,5,3,0,0,0,0,13.2,66.5200562001799,1.6230874213531363,0.7,0.0
4,5,8,0,0,0,0,16.4,47.760358183196175,0.3343156788639061,0.0,0.0
4,5,9,0,0,0,0,15.3,58.39317348551474,1.4014960769385119,0.0,0.0
4,5,9,0,0,0,0,12.399999999999999,86.68138628044531,5.4,0.0,0.0
4,4,3,0,0,0,0,8.7,78.9179622369748,4.7840486460962595,0.0,0.0
3,4,3,0,0,0,0,13.8,79.34835167417071,3.5925190867804258,0.0,0.0
3,4,9,0,0,0,0,22.8,83.25873362536632,0.7312950810673056,0.0,0.0
3,4,9,0,0,0,0,13.899999999999999,58.32715712804365,0.45607075171177147,0.0,0.0
3,4,3,0,0,0,0,10.8,71.66097031754006,7.6,0.0,0.0
3,5,3,0,0,0,0,10.5,79.62391179787363,4.847001965183614,0.0,0.0
3,4,3,0,0,0,0,6.6,97.71066553084324,1.3901504854540736,0.0,0.0
3,4,3,0,0,0,0,10.2,64.67929292518045,1.9519991343672851,0.7,0.0
3,4,3,0,0,0,0,5.6,84.67057118976149,4.0,0.0,0.0
3,4,8,0,0,0,0,19.6,91.40154457577057,1.8635179586901875,0.1,0.0
3,4,8,0,0,0,0,5.300000000000001,84.04466436586351,0.16643951541398572,0.0,0.0
3,4,8,0,0,0,0,17.1,56.80460979585878,3.0528110905886696,0.0,0.0
3,4,9,0,0,0,0,17.5,58.04221297394258,5.4,0.0,0.0
3,4,9,0,0,0,0,17.9,87.99956250367947,0.19440623601766216,0.0,0.0
3,4,9,0,0,0,0,14.8,87.08684331537998,1.2615086396553936,0.0,0.0
3,4,10,0,0,0,0,15.600000000000001,44.74139618395638,3.1899338535639497,0.0,0.0
3,5,3,0,0,0,0,4.0,82.98167285948476,1.8407827950127378,0.0,0.0
3,5,9,0,0,0,0,12.2,56.15395631142789,1.3297964879108406,0.0,0.0
3,5,10,0,0,0,0,10.9,81.50075118335765,1.6718446470453918,0.0,0.0
2,5,10,0,0,0,0,10.4,54.47270339296007,0.4443733591698313,0.0,0.0
4,6,2,0,0,0,0,10.4,63.4750198140499,0.9893551736285151,0.0,0.0
4,6,3,0,0,0,0,9.0,69.21005621209028,0.7887596229937577,0.0,0.0
4,6,3,0,0,0,0,5.6,70.46931178333875,0.5702885813445491,0.0,0.0
4,6,9,0,0,0,0,12.600000000000001,69.36091693795287,3.1,0.0,0.0
3,5,3,0,0,0,0,9.9,52.10791034893878,2.7,0.0,0.0
3,5,8,0,0,0,0,12.600000000000001,75.88472438620411,5.3679324642227195,0.0,0.0
3,6,9,0,0,0,0,12.2,88.10426676577211,0.7711755363892919,0.0,0.0
3,6,9,0,0,0,0,15.6,85.97081320394378,3.1,0.5,0.0
9,9,7,0,0,0,0,13.0,64.09365984429111,2.2800814085806484,0.0,0.36
1,4,9,0,0,0,0,21.7,95.22453342691334,1.483127915233183,0.0,0.43
2,5,9,0,0,0,0,16.9,93.29752092705446,0.5376021464461815,0.0,0.47
1,2,8,0,0,0,0,18.3,54.94901455478265,4.5,0.0,0.55
8,6,8,0,0,0,0,16.2,77.3248608919985,7.4365558595556855,0.0,0.61
1,2,7,0,0,0,0,11.600000000000001,70.55429556673921,4.551684922796407,0.0,0.71
2,5,8,0,0,0,0,18.8,83.5911762943537,0.0983088652866142,0.0,0.77
6,5,8,0,0,0,0,22.4,40.810996381746,3.80176424567285,0.0,0.9
5,4,3,0,0,0,0,8.2,61.463551232892456,3.5756803076477723,0.0,0.95
8,3,9,0,0,0,0,19.2,82.15237272023334,1.4855020419969018,0.0,0.96
2,2,8,0,0,0,0,12.399999999999999,88.2960369307115,4.327034552817964,0.0,1.07
8,6,9,0,0,0,0,18.7,48.56195279845156,4.5,0.0,1.12
6,5,6,0,0,0,0,18.2,81.07365740401804,5.2423990789783605,0.0,1.19
9,9,7,0,0,0,0,19.8,58.769050335865316,0.45330802712573126,0.0,1.36
3,4,7,0,0,0,0,19.6,58.74769797476347,1.8,0.0,1.43
5,4,9,0,0,0,0,15.100000000000001,73.8652919375711,3.442205749212798,0.0,1.46
1,5,9,0,0,0,0,24.6,51.36409588503408,2.17475814092272,0.0,1.46
7,4,8,0,0,0,0,11.399999999999999,86.06081888534578,0.5070935461852175,0.0,1.56
2,4,9,0,0,0,0,23.6,82.51335305166745,0.8907179887692502,0.0,1.61
2,2,8,0,0,0,0,18.4,84.03571633742997,3.6,0.8,1.63
2,4,8,0,0,0,0,15.5,61.09023496820902,4.0,0.0,1.64
7,4,9,0,0,0,0,19.0,92.27192416310731,3.3877324139345926,0.0,1.69
7,4,3,0,0,0,0,11.100000000000001,99.28007114590591,2.626318602974675,0.0,1.75
6,4,8,0,0,0,0,15.3,93.84923146328893,2.6499682919010876,0.0,1.9
6,3,3,0,0,0,0,15.2,44.763953196718134,8.461340351197958,0.0,1.94
8,6,9,0,0,0,0,17.8,86.43229101009544,0.8199270231881812,0.0,1.95
8,5,9,0,0,0,0,12.8,85.03673698672247,2.2,0.0,2.01
6,5,3,0,0,0,0,0.2999999999999998,90.37953618731892,0.19503869449021582,0.0,2.14
6,5,8,0,0,0,0,11.600000000000001,78.22318653408477,0.29100291301872594,0.1,2.29
6,5,8,0,0,0,0,23.4,89.77713219070354,2.7038117865197067,0.0,2.51
6,5,3,0,0,0,0,9.6,82.0121092518587,9.4,0.0,2.53
8,6,8,0,0,0,0,15.7,69.8475792933751,2.0402001091252426,0.0,2.55
5,4,9,0,0,0,0,16.9,57.89097495608098,1.311500112315357,0.0,2.57
8,6,8,0,0,0,0,12.399999999999999,98.8593393515403,4.0,0.0,2.69
7,4,8,0,0,0,0,15.100000000000001,75.14262537258847,2.0760176170669338,0.6,2.74
4,4,9,0,0,0,0,12.7,57.3896567134244,2.2,0.0,3.07
1,4,8,0,0,0,0,9.2,64.69514123842303,1.8,0.0,3.5
1,4,8,0,0,0,0,15.3,58.18071112959037,0.7352680874625408,0.0,4.53
6,5,4,0,0,0,0,5.8,96.87453993880048,2.080409186144313,0.0,4.61
2,5,8,0,0,0,0,14.2,60.21128244694077,2.7,0.0,4.69
2,5,9,0,0,0,0,18.3,82.28211736371173,2.2,0.0,4.88
8,6,8,0,0,0,0,9.4,84.16786374783999,0.3548620712631836,0.1,5.23
1,3,9,0,0,0,0,18.9,54.60417044974728,2.267407251521079,0.0,5.33
8,6,10,0,0,0,0,14.100000000000001,68.40028163453985,0.20145582048771438,0.0,5.44
5,4,2,0,0,0,0,7.4,63.65907697463348,2.03924476164238,0.0,6.38
7,4,10,0,0,0,0,16.8,99.70313649635312,3.2179136053886426,0.0,6.83
8,6,8,0,0,0,0,15.8,82.78685741943168,4.9,0.0,6.96
2,5,9,0,0,0,0,12.600000000000001,95.12462648325624,3.1,0.0,7.04
8,6,3,0,0,0,0,6.5,66.71853374959139,1.5434828049868505,0.4,7.19
1,5,9,0,0,0,0,16.0,74.52700262274853,2.2,0.0,7.3
6,4,3,0,0,0,0,8.3,59.33579959441982,0.37569010050488205,0.0,7.4
7,4,3,0,0,0,0,6.5,87.77582196826847,0.6769130197832278,0.0,8.24
6,5,3,0,0,0,0,6.699999999999999,84.27246047601102,1.5794369805735395,0.0,8.31
2,5,8,0,0,0,0,19.2,96.6434999213233,2.7,0.0,8.68
2,2,8,0,0,0,0,19.6,95.23269268717215,2.962539977636172,0.0,8.71
4,5,9,0,0,0,0,19.3,75.38906069058598,3.0842730591855827,0.0,9.41
2,2,8,0,0,0,0,19.6,96.98044958393037,0.6302937699139544,0.0,10.01
2,5,8,0,0,0,0,18.5,99.66569321471374,1.131509309154099,0.0,10.02
6,5,4,0,0,0,0,5.8,97.27777226442129,2.755607543860362,0.0,10.93
4,5,9,0,0,0,0,16.5,85.28602072559995,0.6598625620591531,0.0,11.06
3,4,9,0,0,0,0,8.9,90.01763086740053,0.5023064934769357,0.0,11.24
2,4,9,0,0,0,0,17.6,74.3587145627427,2.436575941315168,0.0,11.32
1,5,9,0,0,0,0,16.6,48.173990416875,0.806742954034531,0.0,11.53
6,5,3,0,0,0,0,7.4,66.43657503829816,1.3788508286679249,0.1,12.1
7,4,2,0,0,0,0,3.8000000000000007,94.22704833151587,1.5889512303942355,0.0,13.05
8,6,10,0,0,0,0,15.2,53.49894651648307,2.7,0.0,13.7
5,6,3,0,0,0,0,10.1,83.77602222094262,2.6085377040046036,0.0,13.99
4,5,9,0,0,0,0,17.1,82.57540393311078,0.11285945169884704,0.0,14.57
2,2,8,0,0,0,0,17.9,85.7243160348435,1.5382416054393095,0.0,15.45
7,5,9,0,0,0,0,15.7,57.661357845765956,1.0774597334528886,0.0,17.2
6,5,9,0,0,0,0,14.600000000000001,53.134447872716564,6.3,0.0,19.23
8,3,9,0,0,0,0,18.2,75.54080742367995,4.240160758051996,0.0,23.41
4,4,10,0,0,0,0,13.399999999999999,92.80229489909232,0.7694056898869568,0.0,24.23
7,4,8,0,0,0,0,0.09999999999999964,102.24030969988378,1.6341989736005624,0.0,26.0
7,4,9,0,0,0,0,15.100000000000001,70.43696540044127,2.1462194468014033,0.2,26.13
7,3,3,0,0,0,0,6.0,73.18886998034283,2.2129685237893604,0.0,27.35
4,4,3,0,0,0,0,12.0,65.0869478010514,1.9563713548346833,0.0,28.66
4,4,3,0,0,0,0,17.0,76.143780693894,1.4926686773674915,0.0,28.66
4,4,9,0,0,0,0,16.9,76.80441592132527,1.3,0.0,29.48
1,3,9,0,0,0,0,7.4,85.55839428719153,0.7980527728112232,0.0,30.32
4,5,9,0,0,0,0,14.399999999999999,88.85939728132112,1.070960447107186,0.0,31.72
6,5,3,0,0,0,0,10.2,76.47956529991325,1.2025616616034749,0.3,31.86
8,6,8,0,0,0,0,11.2,90.20611486804727,1.464535686177983,0.7,32.07
3,4,9,0,0,0,0,13.600000000000001,66.65639775945122,2.6493610661950906,0.0,35.88
4,3,3,0,0,0,0,6.0,90.93902459935387,1.536852001967337,0.0,36.85
2,2,7,0,0,0,0,8.4,89.86850326144614,0.07646161814966712,0.0,37.02
7,4,9,0,0,0,0,15.4,97.17756308628651,0.14599972927718952,0.0,37.71
4,4,9,0,0,0,0,17.9,69.9960232004152,0.4811918075799264,0.0,48.55
7,5,10,0,0,0,0,11.100000000000001,58.552697990602105,0.22247650009836129,0.0,49.37
8,6,8,0,0,0,0,20.1,63.852780297203225,0.4079649622279016,0.0,58.3
4,6,9,0,0,0,0,28.3,56.1753297872692,0.3199961825771598,0.5,64.1
8,6,8,0,0,0,0,11.399999999999999,75.64860031969359,3.4012410858547932,0.0,71.3
4,4,9,0,0,0,0,21.4,91.31960478503159,2.5986698307757212,0.0,88.49
1,5,9,0,0,0,0,27.8,59.627933517183635,1.0707461555345494,0.0,95.18
6,4,9,0,0,0,0,18.7,81.81205462161978,2.7,0.0,103.39
9,4,9,0,0,0,0,19.3,66.54484979637762,1.8545270045543798,0.0,105.66
4,5,9,0,0,0,0,12.7,64.48059678463643,3.1,0.0,154.88
8,6,8,0,0,0,0,14.600000000000001,78.09305768981106,1.8501160702492312,0.0,196.48
2,2,9,0,0,0,0,18.2,90.26579014154777,1.8,0.0,200.94
1,2,9,0,0,0,0,13.8,64.66610406892937,1.4546492083895899,0.0,212.88
6,5,9,0,0,0,0,20.1,57.994232251581806,2.6795494545097833,0.0,1090.84
7,5,4,0,0,0,0,13.4,95.61742262197923,1.8,0.3,0.0
6,3,4,0,0,0,0,10.2,95.78787371041321,2.7,0.0,0.0
4,4,4,0,0,0,0,11.7,76.49076130678664,2.5950250139184963,0.0,0.0
2,4,8,0,0,0,0,10.4,84.13494786324786,3.242504313141299,0.0,10.13
7,4,8,0,0,0,0,16.9,89.47614989590515,7.6,1.0,0.0
2,4,8,0,0,0,0,17.4,81.37119935105478,6.9067802718163795,0.0,2.87
3,4,8,0,0,0,0,26.8,95.56322222228201,6.3,0.0,0.76
5,4,8,0,0,0,0,20.7,95.63482401802148,5.4,0.0,0.09
2,4,8,0,0,0,0,15.7,96.65653197452133,2.2,0.0,0.75
8,6,8,0,0,0,0,23.7,58.9512394902664,1.8914625725212484,0.0,0.0
3,4,8,0,0,0,0,16.7,85.78535613492005,0.39575070051395134,0.0,2.47
8,5,8,0,0,0,0,21.8,45.89907687111194,1.5951261352706783,0.0,0.68
8,5,8,0,0,0,0,19.0,81.39560311046753,2.28646096518945,0.0,0.24
6,5,8,0,0,0,0,17.1,93.43862141889635,1.674409938152316,0.0,0.21
7,4,8,0,0,0,0,16.4,61.713805387810844,0.5075913236594518,0.0,1.52
6,3,8,0,0,0,0,18.9,60.510983854720884,0.13991281017639956,0.0,10.34
2,5,8,0,0,0,0,17.3,66.49927713949765,0.15182073410813812,0.0,0.0
8,6,8,0,0,0,0,18.9,90.47693945193407,0.1414793348275083,0.0,8.02
4,3,8,0,0,0,0,16.4,93.9286086852066,2.026517473402059,0.0,0.68
3,4,8,0,0,0,0,15.600000000000001,84.91333605119779,0.030456083400448586,0.0,0.0
7,4,8,0,0,0,0,18.7,80.1151172069319,1.4697792365867417,0.0,1.38
2,4,8,0,0,0,0,23.3,52.42777918856534,0.9469169642374062,0.0,8.85
3,4,8,0,0,0,0,6.199999999999999,99.8738704204021,2.951553918318469,0.0,3.3
2,4,8,0,0,0,0,16.4,76.82074632240969,3.1,0.0,4.25
6,3,8,0,0,0,0,19.3,49.02218059825175,1.370119375717704,0.0,1.56
4,4,8,0,0,0,0,16.8,95.34269869481474,2.7685810161027424,0.0,6.54
4,4,8,0,0,0,0,17.1,95.08145857455398,2.108191655640808,0.0,0.79
6,5,8,0,0,0,0,14.399999999999999,90.15970387558068,0.3427018939558475,0.0,0.17
2,2,8,0,0,0,0,18.7,75.85637549644862,1.2166036428251064,0.0,0.0
3,4,8,0,0,0,0,16.0,44.88454381535787,0.5125862895425897,0.0,0.0
4,4,8,0,0,0,0,19.1,86.75258356763732,1.448552778828804,0.0,4.4
2,2,8,0,0,0,0,16.8,89.0160388103017,2.181979982956426,0.0,0.52
8,6,8,0,0,0,0,15.100000000000001,94.26212035162908,2.640121437079279,0.0,9.27
2,5,8,0,0,0,0,15.2,87.88217599820914,2.9458795379216394,0.0,3.09
4,6,12,0,0,0,0,4.8,80.36353010735624,8.07784589330185,0.0,8.98
8,6,12,0,0,0,0,5.1,83.26395369156421,8.0,0.0,11.19
4,6,12,0,0,0,0,0.09999999999999964,77.42672851050332,3.584255448758601,0.0,5.38
4,4,12,0,0,0,0,-0.40000000000000036,95.44987877088255,5.844263619022471,0.0,17.85
3,4,12,0,0,0,0,-0.40000000000000036,93.9426529592669,8.5,0.0,10.73
4,4,12,0,0,0,0,-0.40000000000000036,74.82310792344296,1.2078329372808119,0.0,22.03
4,4,12,0,0,0,0,-0.40000000000000036,66.7349585122353,4.999936822356121,0.0,9.77
4,6,12,0,0,0,0,-2.8,70.80480817655,4.112652707956713,0.4,9.27
6,5,12,0,0,0,0,0.09999999999999964,60.067576758145144,5.261270662590331,0.0,24.77
6,3,2,0,0,0,0,-0.7999999999999998,89.48747387582735,1.8311048424816891,0.0,0.0
3,4,2,0,0,0,0,3.8000000000000007,64.92492594711932,3.1,0.0,1.1
5,4,2,0,0,0,0,2.5,89.98155993670659,8.0,0.0,24.24
2,5,7,0,0,0,0,18.4,67.37653974176473,5.315981274649452,0.0,0.0
7,6,7,0,0,0,0,7.6,100.0,7.170334812885882,0.2,0.0
7,4,7,0,0,0,0,17.1,75.10552673722688,2.5654189778651753,0.0,0.0
7,4,7,0,0,0,0,19.2,44.5316128600397,0.3224289834629257,0.0,0.0
7,4,7,0,0,0,0,19.3,97.53883701327048,0.38638215448456137,0.0,0.0
2,5,7,0,0,0,0,13.7,73.24742882717996,1.7559165916514068,0.0,0.0
9,4,7,0,0,0,0,20.3,82.14012630196015,0.25132773916826,0.0,8.0
4,5,7,0,0,0,0,17.9,57.75815452335009,0.6180910971620145,0.0,2.64
7,6,7,0,0,0,0,21.9,65.11325183533219,3.881872120178423,0.0,86.45
8,6,7,0,0,0,0,12.100000000000001,96.29116790705828,2.866586004979786,0.0,6.57
7,5,6,0,0,0,0,17.2,87.06808812946339,0.797550645622788,0.0,0.0
6,4,6,0,0,0,0,9.3,70.4339175950004,1.2485670148712606,0.0,0.9
8,6,6,0,0,0,0,15.4,66.5839704133295,0.3660510009295055,0.0,0.0
8,6,6,0,0,0,0,19.6,55.20304935721671,4.9,0.0,0.0
6,5,6,0,0,0,0,10.6,100.0,0.09020111223047245,0.0,0.0
6,5,6,0,0,0,0,15.7,76.89573462503537,3.542682919530527,0.0,0.0
6,5,6,0,0,0,0,14.100000000000001,96.73988929811645,5.4,0.0,3.52
3,6,6,0,0,0,0,19.2,77.65428647291922,4.1384434655607105,0.0,0.0
3,6,6,0,0,0,0,14.2,76.914785748519,4.5,0.0,0.0
6,5,5,0,0,0,0,6.300000000000001,100.682031503215,4.9,0.0,0.0
1,4,9,0,0,0,0,14.0,92.18167594034921,1.6426602397221997,0.0,0.0
7,4,9,0,0,0,0,12.100000000000001,98.28630228795548,1.8146967929602247,0.0,0.41
3,4,9,0,0,0,0,18.8,67.90906136320099,0.8593113817916627,0.0,5.18
2,4,9,0,0,0,0,11.0,84.13598764655951,0.06634048394765446,0.0,0.0
2,4,9,0,0,0,0,19.9,70.14292467393393,0.6661537529389185,0.0,0.0
7,4,9,0,0,0,0,20.3,64.38348090364603,2.470079440008003,0.0,0.0
6,3,9,0,0,0,0,24.8,47.5494720094854,0.44468770454450746,0.0,14.29
2,4,9,0,0,0,0,7.199999999999999,90.1006250125046,2.237959081637655,0.0,0.0
6,5,9,0,0,0,0,19.3,37.33448446335255,1.12156170601689,0.0,0.0
4,4,9,0,0,0,0,14.7,84.03084783338831,1.8,0.0,1.58
3,4,9,0,0,0,0,18.5,74.23599429883316,1.303198599255881,0.8,0.0
4,5,9,0,0,0,0,18.6,43.19501980470161,4.622146598531789,0.0,0.0
4,4,9,0,0,0,0,19.2,44.82905622743588,0.5077182571873173,0.0,3.78
6,5,9,0,0,0,0,16.6,47.73274710869798,0.4943491885282445,0.1,0.0
5,4,9,0,0,0,0,16.6,73.74868820487234,6.3,0.0,4.41
6,3,9,0,0,0,0,13.899999999999999,66.42255850116314,5.432900285432876,0.0,34.36
1,4,9,0,0,0,0,11.8,85.03992227908384,2.6352820000736177,0.0,7.21
6,5,9,0,0,0,0,11.8,57.52364212013484,4.0,0.4,1.01
3,5,9,0,0,0,0,12.9,62.0083108980769,2.404217910387264,0.0,2.18
6,5,9,0,0,0,0,8.7,85.4407631686543,0.3376795553175511,0.0,4.42
1,4,9,0,0,0,0,19.2,85.15016796064324,1.5697603486317022,0.0,0.0
5,4,9,0,0,0,0,19.1,74.57096164136581,3.1,0.0,0.0
6,5,9,0,0,0,0,16.2,78.76037541595745,0.54876217195387,0.0,0.0
6,5,9,0,0,0,0,14.7,78.32697166993677,1.1976159723179363,0.4,0.0
4,3,9,0,0,0,0,18.5,53.60775491230976,3.9489805582621385,0.0,3.33
3,3,9,0,0,0,0,19.2,65.97447074412356,3.1,0.0,6.58
7,4,9,0,0,0,0,16.5,82.35519491094655,3.8095845227106957,0.0,15.64
4,4,9,0,0,0,0,12.100000000000001,66.58456315514464,0.5607708861839904,0.0,11.22
1,4,9,0,0,0,0,13.100000000000001,75.59280326179416,1.1839008252550225,0.0,2.13
2,3,9,0,0,0,0,13.0,99.49958502541342,2.6406248314120053,0.0,0.0
4,3,9,0,0,0,0,9.8,99.18880026255279,0.7818105798527506,0.0,0.0
7,4,9,0,0,0,0,14.3,79.77190537356023,2.2,0.0,0.0
6,3,9,0,0,0,0,23.0,77.55537152731048,2.2,0.0,56.04
8,6,9,0,0,0,0,17.7,52.97948315943501,1.693499651526261,0.0,7.48
2,4,9,0,0,0,0,15.399999999999999,90.03246478039463,1.708739698834592,0.0,1.47
2,5,9,0,0,0,0,14.3,58.23055195541317,1.5100308691306445,0.0,3.93
8,6,9,0,0,0,0,10.7,84.68836612973625,1.7131186582919335,0.0,0.0
6,3,9,0,0,0,0,15.600000000000001,82.32833172048944,1.7660917749675975,0.0,0.0
8,6,9,0,0,0,0,10.9,70.09380542342348,3.1763830634888355,0.0,2.18
6,3,9,0,0,0,0,7.199999999999999,81.16756893537595,3.5507075802510686,0.0,6.1
2,2,9,0,0,0,0,11.8,82.56369651605968,1.1514076392960848,0.1,5.83
1,4,9,0,0,0,0,16.3,76.41112100296952,2.2,0.0,28.19
5,4,9,0,0,0,0,5.1,89.01272860870179,3.144122758169487,0.0,0.0
3,4,9,0,0,0,0,12.399999999999999,99.1790509436384,1.8827009600540472,0.0,0.0
5,4,9,0,0,0,0,7.800000000000001,82.18572894279993,2.752108125476022,0.0,1.64
5,4,9,0,0,0,0,5.1,91.23119494056955,2.1691993452117124,0.0,3.71
4,4,9,0,0,0,0,10.4,89.89754334445789,0.3312172253597838,0.0,7.31
7,4,9,0,0,0,0,15.600000000000001,56.793192580858005,2.1997231619981985,0.0,2.03
7,4,9,0,0,0,0,14.8,70.13003986120347,0.32998954891518917,0.0,1.72
7,4,9,0,0,0,0,13.7,64.47654266450473,2.2,0.0,5.97
4,4,9,0,0,0,0,15.8,71.2325824847051,0.9897997376972749,0.0,13.06
4,4,9,0,0,0,0,15.8,71.03871030231159,4.9,0.0,1.26
6,3,9,0,0,0,0,10.9,75.67504328778848,1.426191526083442,0.0,0.0
6,3,9,0,0,0,0,14.7,79.50178223396787,0.3400408723389141,0.0,0.0
1,4,9,0,0,0,0,16.1,78.64009695366283,1.0783969257236607,0.0,8.12
6,5,9,0,0,0,0,18.4,93.46563660039334,0.2432010557368749,0.0,1.09
4,3,9,0,0,0,0,12.3,74.54685894844638,3.5814385883837314,0.0,3.94
7,4,9,0,0,0,0,10.2,77.69788428660054,1.2527709728962502,0.0,0.52
4,3,9,0,0,0,0,15.9,74.72627623070977,1.872728673411932,0.0,2.93
6,5,9,0,0,0,0,16.1,73.21618821439145,0.9640744567323902,0.0,5.65
6,5,9,0,0,0,0,14.600000000000001,80.52777277978768,2.301659581411702,0.0,20.03
4,5,9,0,0,0,0,10.9,55.880641767763684,3.055139894299675,0.0,1.75
4,5,9,0,0,0,0,11.399999999999999,97.40759305598263,2.110809392777389,0.0,0.0
6,5,9,0,0,0,0,11.8,87.56680031898787,3.103671728268256,0.0,12.64
4,5,9,0,0,0,0,8.8,94.06229950711602,2.469838828503244,0.0,0.0
7,4,9,0,0,0,0,8.8,92.33085373469262,6.297697031187036,0.0,11.06
3,4,7,0,0,0,0,9.2,80.07914318727335,1.0414465468986425,0.0,0.0
4,5,8,0,0,0,0,5.4,94.53459239738262,0.1450540490646216,0.0,0.0
5,4,8,0,0,0,0,20.3,52.81164693236287,2.7,0.0,0.0
6,5,9,0,0,0,0,5.300000000000001,93.26607985550642,0.5097893942772664,0.0,18.3
6,5,9,0,0,0,0,10.4,77.48675075622889,4.9,0.0,39.35
8,6,8,0,0,0,0,16.1,69.80178879416394,1.8064573592429383,0.0,0.0
2,2,8,0,0,0,0,16.9,75.38365521036148,0.37332443316309405,0.0,174.63
6,5,3,0,0,0,0,3.6999999999999993,83.47155816703182,4.386944148643202,0.0,0.0
4,5,1,0,0,0,0,0.20000000000000018,103.38773089619953,0.5670526535474201,0.0,0.0
5,4,7,0,0,0,0,14.3,74.9019694115302,7.2,0.0,7.73
8,6,8,0,0,0,0,11.2,73.71075023198706,1.682671708436885,0.0,16.33
8,6,8,0,0,0,0,23.2,64.55036207698573,1.0543743865129165,0.0,5.86
9,6,8,0,0,0,0,15.5,68.96000519163422,2.7,0.0,42.87
8,4,8,0,0,0,0,16.3,70.82935052165269,4.018570775729956,0.0,12.18
2,4,8,0,0,0,0,20.9,84.66378214243429,2.2,0.0,16.0
3,4,9,0,0,0,0,15.600000000000001,82.91445396033481,3.339524109402733,0.0,24.59
5,5,3,0,0,0,0,6.6,91.82701231897624,1.8080286396401855,0.0,0.0
6,4,8,0,0,0,0,18.3,51.79188788316456,2.0131020801747574,0.0,28.74
7,4,8,0,0,0,0,18.3,95.06226164929566,2.8006250475071837,0.0,0.0
7,4,2,0,0,0,0,2.5,85.08435088542316,4.088062853813281,0.0,9.96
8,6,9,0,0,0,0,15.7,78.03715673722783,0.10755792127171038,0.0,30.18
1,3,9,0,0,0,0,16.9,88.38486323460384,4.0,0.0,70.76
2,4,3,0,0,0,0,10.2,99.18314724671633,1.8501677389065243,0.0,0.0
6,5,2,0,0,0,0,0.2999999999999998,78.2905377463162,1.8,0.0,0.0
4,5,2,0,0,0,0,5.1,84.56208180282158,0.08929081262589222,0.0,51.78
4,3,9,0,0,0,0,15.399999999999999,87.56841235139701,4.9,0.0,3.64
5,6,8,0,0,0,0,24.3,95.47300461487868,3.529368393412535,0.0,3.63
1,2,8,0,0,0,0,20.9,53.736632215244285,2.011906852777647,0.7,0.0
9,5,6,0,0,0,0,28.0,63.31417522436213,1.5774997736780172,0.4,0.0
9,5,6,0,0,0,0,23.0,64.465804330528,4.5,0.0,8.16
3,4,9,0,0,0,0,17.8,67.29195618195166,2.3272001741212995,0.0,4.95
9,9,8,0,0,0,0,20.0,48.16444731868251,2.034936138422059,0.0,0.0
8,6,8,0,0,0,0,16.3,92.38735600140757,3.038141860147414,0.0,0.0
2,4,9,0,0,0,0,16.8,87.48595818901555,2.2,0.0,6.04
2,2,8,0,0,0,0,22.9,67.00430532395646,2.2,0.0,0.0
6,5,9,0,0,0,0,12.0,80.98181080773205,3.022328544472707,0.3,3.95
4,5,2,0,0,0,0,9.2,96.23203637566203,1.5666808166917003,0.0,0.0
4,3,9,0,0,0,0,14.899999999999999,61.72431351423994,2.435280442706522,0.2,7.8
1,4,7,0,0,0,0,18.4,87.95565226732381,4.367926304670243,0.0,0.0
6,3,2,0,0,0,0,9.7,81.50977521687413,0.9927281668680332,0.0,0.0
7,4,2,0,0,0,0,3.1999999999999993,65.24816950175399,8.853295332802878,0.0,4.62
9,4,7,0,0,0,0,22.8,72.89162837859678,4.33903301752961,0.0,1.63
7,5,8,0,0,0,0,21.4,73.05204208858194,2.7397390843809246,0.6,0.0
5,4,8,0,0,0,0,24.1,93.97465284484173,4.0,0.0,0.0
8,6,8,0,0,0,0,22.5,87.7028929414144,4.9,0.0,746.28
6,3,7,0,0,0,0,21.3,77.11087766180177,0.5959874587819107,0.0,7.02
6,5,3,0,0,0,0,8.8,79.13230484816786,1.8552743166559709,0.0,0.0
2,4,8,0,0,0,0,19.9,68.33415224404666,1.3837994047459956,0.0,2.44
2,5,8,0,0,0,0,19.8,96.55063692866466,4.0,0.0,3.05
8,8,8,0,0,0,0,21.2,59.43846237755506,2.9332427643822223,0.0,185.76
2,4,8,0,0,0,0,25.8,41.09817542981234,3.347726991409478,0.1,0.0
8,6,7,0,0,0,0,24.3,87.39067450842143,2.385533735642037,0.0,6.3
1,3,9,0,0,0,0,22.3,74.53279665661594,3.198845569621713,0.0,0.72
8,6,8,0,0,0,0,21.9,74.05994892905524,2.4104844746524474,0.0,4.96
2,2,8,0,0,0,0,15.399999999999999,86.4936421075259,2.2,0.0,0.0
8,6,8,0,0,0,0,15.399999999999999,68.33261838263411,1.3513524429603432,0.1,0.0
2,4,8,0,0,0,0,27.9,81.9228040571925,1.676674566141031,0.0,2.35
1,3,8,0,0,0,0,21.2,93.7541970359709,0.13991071728385052,0.0,0.0
3,4,8,0,0,0,0,19.6,64.21971837409545,0.6620421282607074,0.0,3.2
7,4,9,0,0,0,0,19.4,79.45427501119121,3.6,0.0,0.0
1,3,8,0,0,0,0,18.3,93.07065027339758,4.0,0.0,6.36
8,6,8,0,0,0,0,23.9,70.64024059061168,1.8935884867107662,0.0,0.0
2,4,8,0,0,0,0,15.899999999999999,86.09661985280013,1.5302741061380107,0.0,15.34
1,4,8,0,0,0,0,17.2,66.22835370042608,2.222268025675352,0.0,0.0
2,5,7,0,0,0,0,18.8,73.05016879679462,0.28383660201175376,0.0,0.0
8,6,8,0,0,0,0,26.8,50.4833287686278,1.2702076497509587,0.0,0.54
8,6,8,0,0,0,0,9.2,95.9906647068056,2.199740549483375,0.0,0.0
2,5,8,0,0,0,0,18.6,86.45954880505849,0.3741280121879571,0.4,6.43
1,3,9,0,0,0,0,14.100000000000001,85.82196356820843,0.2065450531551063,0.0,0.33
5,4,9,0,0,0,0,11.2,86.61424451273645,3.6,0.0,0.0
8,6,8,0,0,0,0,20.5,69.18963718546613,1.6758425276954776,0.0,1.23
6,5,4,0,0,0,0,10.9,95.54823696842989,0.14851214169696592,0.0,3.35
1,2,7,0,0,0,0,9.8,89.6599094444795,3.2200965448276433,0.0,0.0
2,5,9,0,0,0,0,11.2,95.01165044375277,0.7100855251395104,0.2,9.96
5,5,8,0,0,0,0,12.3,92.80089581610117,0.8987337854931834,0.0,0.0
6,5,8,0,0,0,0,14.100000000000001,96.87485334618721,0.05486902395149462,0.0,0.0
3,4,3,0,0,0,0,8.9,47.519096822834584,5.58716681892968,0.0,0.0
7,4,9,0,0,0,0,5.5,94.20541041512554,2.089132347923741,0.0,0.0
7,4,8,0,0,0,0,14.3,77.8956633049985,1.8419640010307177,0.0,0.0
4,5,8,0,0,0,0,18.4,66.77020826818023,4.98505901365147,0.0,6.43
1,4,8,0,0,0,0,6.800000000000001,98.88653174903914,2.9569586337760843,0.0,9.71
7,4,8,0,0,0,0,12.7,96.27006037452354,2.4064888423511293,0.0,0.0
4,5,8,0,0,0,0,12.399999999999999,84.88904051295194,1.19465863084743,0.0,0.0
3,4,8,0,0,0,0,11.8,92.86095057562679,2.1616943075278168,0.0,0.0
3,4,7,0,0,0,0,12.899999999999999,74.41924706186104,1.1105633663708683,0.0,0.0
2,4,8,0,0,0,0,11.600000000000001,81.16067213351081,2.7,0.0,0.0
1,4,8,0,0,0,0,14.899999999999999,98.63438538799222,0.4159330005190771,0.0,82.75
8,6,8,0,0,0,0,13.899999999999999,87.47446926938686,0.842978417447747,0.0,3.32
7,4,8,0,0,0,0,10.5,91.60809927555508,7.876418659203149,0.0,1.94
2,5,8,0,0,0,0,13.899999999999999,77.63973845774467,2.9230909281902857,0.0,0.0
8,6,8,0,0,0,0,18.9,89.7639055879273,0.31942111406675533,0.0,0.0
1,4,9,0,0,0,0,9.5,96.29692290284034,6.0743326122335795,0.0,3.71
6,5,2,0,0,0,0,4.6,96.53053011990954,6.3,0.0,5.39
6,4,2,0,0,0,0,5.1,94.48853802176545,1.0719596258108517,0.0,2.14
2,2,2,0,0,0,0,4.6,72.82603253673871,0.10290851345866314,0.0,6.84
6,5,3,0,0,0,0,5.199999999999999,57.83640114190871,3.239876515619281,0.0,3.18
3,4,3,0,0,0,0,6.199999999999999,97.94739721698122,5.4,0.3,5.55
6,5,3,0,0,0,0,8.3,72.54404914931226,3.6,0.0,6.61
6,3,4,0,0,0,0,8.7,96.8211064535667,6.788941831009933,0.0,61.13
5,4,4,0,0,0,0,12.600000000000001,38.86314085599764,3.326974953170576,0.0,0.0
4,3,5,0,0,0,0,13.0,77.57514640230326,1.7571195358572904,0.4,38.48
8,3,6,0,0,0,0,9.3,99.7529586321888,0.4900627507540478,0.0,1.94
9,4,6,0,0,0,0,24.5,93.38892116688282,1.7116174714817116,0.0,70.32
4,3,6,0,0,0,0,21.4,56.951251675174234,0.2591982216685258,0.0,10.08
2,5,6,0,0,0,0,22.7,77.52602843518096,9.4,0.0,3.19
4,3,7,0,0,0,0,22.2,94.91307861245569,1.1224680813534003,0.9,1.76
4,3,7,0,0,0,0,21.1,97.80554020283847,3.620661245001988,0.0,7.36
7,4,7,0,0,0,0,13.2,99.47710824342818,4.5,0.5,2.21
7,4,7,0,0,0,0,17.6,88.87634608663984,0.10972660626312436,0.2,278.53
9,9,7,0,0,0,0,30.2,41.759439810769955,2.5825768537861076,0.0,2.75
4,3,7,0,0,0,0,25.2,36.815212750109104,4.9,0.0,0.0
3,4,8,0,0,0,0,18.4,64.38341763145667,2.7199947012706436,0.3,1.29
8,6,8,0,0,0,0,26.0,42.271271787950475,1.4237740836631336,0.0,0.0
2,5,8,0,0,0,0,28.1,67.98640373304531,4.0,0.0,26.43
2,4,8,0,0,0,0,25.6,60.1907562021524,0.8080036630918044,0.0,2.07
5,4,8,0,0,0,0,19.1,60.86060791231734,0.3217815764665568,0.0,2.0
5,4,8,0,0,0,0,26.4,99.59136873280778,1.3084742127420244,0.0,16.4
4,4,8,0,0,0,0,14.399999999999999,94.63709161618331,6.521446704916605,0.0,46.7
4,4,8,0,0,0,0,15.600000000000001,97.91822828996271,1.2549180025405244,0.0,0.0
4,4,8,0,0,0,0,23.7,49.56677916363071,1.9911822751054338,0.0,0.0
4,4,8,0,0,0,0,27.4,80.33120867117539,3.606086689131854,0.0,0.0
1,3,8,0,0,0,0,32.4,41.07665180221557,1.0421003459498763,0.0,0.0
1,3,8,0,0,0,0,27.5,74.15230367868566,0.7666654987437544,0.7,43.32
6,6,8,0,0,0,0,25.8,48.97538324490188,4.9,0.0,8.59
6,6,8,0,0,0,0,18.9,85.69162207719467,0.8867050639514487,0.0,0.0
4,5,8,0,0,0,0,27.6,44.796895705662926,0.38167420807934294,0.0,2.77
3,4,8,0,0,0,0,27.299999999999997,84.54099849367415,1.5740227813897982,0.0,14.68
6,5,8,0,0,0,0,33.3,82.63834208447392,2.1664152395180896,0.0,40.54
7,5,8,0,0,0,0,27.3,90.29878434598393,1.1890515229884504,6.4,10.82
8,6,8,0,0,0,0,16.6,78.10208511335158,3.9599229600110366,0.8,0.0
7,5,8,0,0,0,0,16.6,99.09638487159351,1.0721231048788438,0.8,0.0
4,4,8,0,0,0,0,15.7,93.83017062677838,4.227665427400015,1.0,0.0
2,4,8,0,0,0,0,24.2,51.70324878933509,4.9,0.0,1.95
4,3,8,0,0,0,0,23.9,98.66447850436776,4.9,0.0,49.59
1,2,8,0,0,0,0,21.7,49.88295900998173,0.6023453867510355,0.0,5.8
1,2,8,0,0,0,0,13.5,92.43613743294222,6.805906253168473,0.0,0.0
2,4,8,0,0,0,0,20.9,91.53026778152162,1.024059950541675,0.0,0.0
1,2,8,0,0,0,0,20.9,91.25397601244565,3.1874667519039845,0.0,0.0
5,4,8,0,0,0,0,16.1,85.36195181098455,4.918250980996659,1.4,2.17
6,5,8,0,0,0,0,13.2,86.99945841717567,4.5341285523175685,0.0,0.43
8,6,8,0,0,0,0,22.8,75.98984148863494,2.7,0.0,0.0
4,3,8,0,0,0,0,22.8,89.53694720719122,0.9208066384959528,0.0,6.44
2,4,8,0,0,0,0,16.9,87.97364862425873,0.20592125433036745,0.0,54.29
7,4,8,0,0,0,0,16.2,96.9663295484124,2.86604745341445,0.0,11.16
1,4,8,0,0,0,0,20.6,98.91995928850875,1.8670802041837384,0.0,0.0
6,3,11,0,0,0,0,6.800000000000001,49.804994082413955,3.807308985098089,0.0,0.0
